{
    "accuracy": 0.5741869918699187,
    "task_score": 0.5741869918699187,
    "unfiltered_scores": {
        "BLEU-1": 0.3575164885148849,
        "BLEU-2": 0.21936774664882144,
        "BLEU-3": 0.13501736203019787,
        "BLEU-4": 0.08240227299501643,
        "METEOR": 0.2521630764171159,
        "ROUGE_L": 0.3127884605135617,
        "CIDEr": 0.37406034830237295,
        "SPICE": 0.0560983712349116,
        "BERTScore_F1": 0.7519829869270325
    },
    "filtered_scores": {
        "BLEU-1": 0.3572805624858042,
        "BLEU-2": 0.21960456696461747,
        "BLEU-3": 0.13491711388993127,
        "BLEU-4": 0.08174326638921488,
        "METEOR": 0.25296639682852773,
        "ROUGE_L": 0.31308431061818076,
        "CIDEr": 0.3669627279784827,
        "SPICE": 0.05919402878614737,
        "BERTScore_F1": 0.7513867616653442
    },
    "scaled_scores": {
        "BLEU-1": 0.2052813170842581,
        "BLEU-2": 0.12595810656156922,
        "BLEU-3": 0.0775252129543311,
        "BLEU-4": 0.047314313254252324,
        "METEOR": 0.1447887583086082,
        "ROUGE_L": 0.17959906523390484,
        "CIDEr": 0.2147805861695536,
        "SPICE": 0.03221095502817587,
        "BERTScore_F1": 0.4317788492009892
    }
}